id;start_date;end_date;create_by;create_date;last_modified_by;last_modified_date;parking_code
1;2023-11-23T02:57:22;2023-11-23T12:49:07;enterprise Rhône-Alpes Yuan;2023-11-22T18:54:33;SQL intangible;2023-11-22T18:19:47;b9ea466d-d7ad-4934-a19f-7a94bee74e3a
2;2023-11-23T07:43:40;2023-11-22T20:42:11;reboot parsing Tilsitt;2023-11-23T04:42:25;interfaces white seamless;2023-11-22T21:02:35;142e43ee-6c30-4a25-bc2b-b93967e664ab
3;2023-11-23T03:54:00;2023-11-23T10:43:00;Pa'anga c cohesive;2023-11-23T02:09:09;feed value-added;2023-11-23T15:56:00;d96301fc-11ba-46dc-92d1-f82bcedfabb1
4;2023-11-23T12:57:39;2023-11-23T13:57:32;Zadkine neural;2023-11-22T18:02:55;matrix synergies navigating;2023-11-23T04:56:05;63f74754-fdae-4e39-be8c-cae12a3e6f74
5;2023-11-22T19:54:40;2023-11-23T01:37:52;generating Colombie convergence;2023-11-23T09:07:40;Multi-lateral magenta SCSI;2023-11-23T00:05:11;449f0bc2-e023-48a6-bcf4-456b51c52882
6;2023-11-22T17:09:06;2023-11-22T22:28:38;leverage Object-based c;2023-11-23T04:42:22;port Fantastic;2023-11-23T05:04:57;f9c6e7be-7b27-4c35-937b-a7dbb20c325e
7;2023-11-23T11:24:15;2023-11-23T10:54:16;Frozen user-centric fuchsia;2023-11-22T17:24:16;Limousin granular;2023-11-23T04:35:24;eb0cdf0e-46c6-40ac-bd82-31729630346e
8;2023-11-23T15:29:52;2023-11-23T00:44:18;Account service-desk;2023-11-23T08:09:25;b array b;2023-11-23T07:23:47;ee087b1b-a13f-4151-bfd5-874d0a0040dc
9;2023-11-22T17:22:31;2023-11-22T18:21:27;Bonaparte Lira;2023-11-23T10:35:07;b;2023-11-23T16:09:04;b2706aaf-ecf3-4f58-9ef4-03195a27a5cb
10;2023-11-22T21:16:55;2023-11-23T09:46:23;hack synthesize Île-de-France;2023-11-23T15:18:48;Assimilated Account;2023-11-22T22:53:20;cdaa52a7-da8b-4465-8942-59740948418a
